INFO : Hatari v2.3.1, compiled on:  Jan 24 2021, 22:15:57
INFO : GEMDOS HDD emulation, C: <-> /home/runner/work/OUTRUN_CANNONBALL_ATARI-FALCON030-CT060/OUTRUN_CANNONBALL_ATARI-FALCON030-CT060/hd.
ALSA lib confmisc.c:855:(parse_card) cannot find card '0'
ALSA lib conf.c:5182:(_snd_config_evaluate) function snd_func_card_inum returned error: No such file or directory
ALSA lib confmisc.c:422:(snd_func_concat) error evaluating strings
ALSA lib conf.c:5182:(_snd_config_evaluate) function snd_func_concat returned error: No such file or directory
ALSA lib confmisc.c:1334:(snd_func_refer) error evaluating name
ALSA lib conf.c:5182:(_snd_config_evaluate) function snd_func_refer returned error: No such file or directory
ALSA lib conf.c:5705:(snd_config_expand) Evaluate error: No such file or directory
ALSA lib pcm.c:2664:(snd_pcm_open_noupdate) Unknown PCM sysdefault
ALSA lib confmisc.c:855:(parse_card) cannot find card '0'
ALSA lib conf.c:5182:(_snd_config_evaluate) function snd_func_card_inum returned error: No such file or directory
ALSA lib confmisc.c:422:(snd_func_concat) error evaluating strings
ALSA lib conf.c:5182:(_snd_config_evaluate) function snd_func_concat returned error: No such file or directory
ALSA lib confmisc.c:1334:(snd_func_refer) error evaluating name
ALSA lib conf.c:5182:(_snd_config_evaluate) function snd_func_refer returned error: No such file or directory
ALSA lib conf.c:5705:(snd_config_expand) Evaluate error: No such file or directory
ALSA lib pcm.c:2664:(snd_pcm_open_noupdate) Unknown PCM sysdefault
ALSA lib pcm.c:2664:(snd_pcm_open_noupdate) Unknown PCM cards.pcm.front
ALSA lib pcm.c:2664:(snd_pcm_open_noupdate) Unknown PCM cards.pcm.rear
ALSA lib pcm.c:2664:(snd_pcm_open_noupdate) Unknown PCM cards.pcm.center_lfe
ALSA lib pcm.c:2664:(snd_pcm_open_noupdate) Unknown PCM cards.pcm.side
ALSA lib pcm.c:2664:(snd_pcm_open_noupdate) Unknown PCM cards.pcm.surround21
ALSA lib pcm.c:2664:(snd_pcm_open_noupdate) Unknown PCM cards.pcm.surround21
ALSA lib pcm.c:2664:(snd_pcm_open_noupdate) Unknown PCM cards.pcm.surround40
ALSA lib pcm.c:2664:(snd_pcm_open_noupdate) Unknown PCM cards.pcm.surround41
ALSA lib pcm.c:2664:(snd_pcm_open_noupdate) Unknown PCM cards.pcm.surround50
ALSA lib pcm.c:2664:(snd_pcm_open_noupdate) Unknown PCM cards.pcm.surround51
ALSA lib pcm.c:2664:(snd_pcm_open_noupdate) Unknown PCM cards.pcm.surround71
ALSA lib pcm.c:2664:(snd_pcm_open_noupdate) Unknown PCM cards.pcm.iec958
ALSA lib pcm.c:2664:(snd_pcm_open_noupdate) Unknown PCM cards.pcm.iec958
ALSA lib pcm.c:2664:(snd_pcm_open_noupdate) Unknown PCM cards.pcm.iec958
ALSA lib pcm.c:2664:(snd_pcm_open_noupdate) Unknown PCM cards.pcm.hdmi
ALSA lib pcm.c:2664:(snd_pcm_open_noupdate) Unknown PCM cards.pcm.hdmi
ALSA lib pcm.c:2664:(snd_pcm_open_noupdate) Unknown PCM cards.pcm.modem
ALSA lib pcm.c:2664:(snd_pcm_open_noupdate) Unknown PCM cards.pcm.modem
ALSA lib pcm.c:2664:(snd_pcm_open_noupdate) Unknown PCM cards.pcm.phoneline
ALSA lib pcm.c:2664:(snd_pcm_open_noupdate) Unknown PCM cards.pcm.phoneline
ALSA lib confmisc.c:855:(parse_card) cannot find card '0'
ALSA lib conf.c:5182:(_snd_config_evaluate) function snd_func_card_inum returned error: No such file or directory
ALSA lib confmisc.c:422:(snd_func_concat) error evaluating strings
ALSA lib conf.c:5182:(_snd_config_evaluate) function snd_func_concat returned error: No such file or directory
ALSA lib confmisc.c:1334:(snd_func_refer) error evaluating name
ALSA lib conf.c:5182:(_snd_config_evaluate) function snd_func_refer returned error: No such file or directory
ALSA lib conf.c:5705:(snd_config_expand) Evaluate error: No such file or directory
ALSA lib pcm.c:2664:(snd_pcm_open_noupdate) Unknown PCM default
ALSA lib confmisc.c:855:(parse_card) cannot find card '0'
ALSA lib conf.c:5182:(_snd_config_evaluate) function snd_func_card_inum returned error: No such file or directory
ALSA lib confmisc.c:422:(snd_func_concat) error evaluating strings
ALSA lib conf.c:5182:(_snd_config_evaluate) function snd_func_concat returned error: No such file or directory
ALSA lib confmisc.c:1334:(snd_func_refer) error evaluating name
ALSA lib conf.c:5182:(_snd_config_evaluate) function snd_func_refer returned error: No such file or directory
ALSA lib conf.c:5705:(snd_config_expand) Evaluate error: No such file or directory
ALSA lib pcm.c:2664:(snd_pcm_open_noupdate) Unknown PCM default
ALSA lib confmisc.c:855:(parse_card) cannot find card '0'
ALSA lib conf.c:5182:(_snd_config_evaluate) function snd_func_card_id returned error: No such file or directory
ALSA lib confmisc.c:422:(snd_func_concat) error evaluating strings
ALSA lib conf.c:5182:(_snd_config_evaluate) function snd_func_concat returned error: No such file or directory
ALSA lib confmisc.c:1334:(snd_func_refer) error evaluating name
ALSA lib conf.c:5182:(_snd_config_evaluate) function snd_func_refer returned error: No such file or directory
ALSA lib conf.c:5705:(snd_config_expand) Evaluate error: No such file or directory
ALSA lib pcm.c:2664:(snd_pcm_open_noupdate) Unknown PCM dmix
Cannot connect to server socket err = No such file or directory
Cannot connect to server request channel
jack server is not running or cannot be started
JackShmReadWritePtr::~JackShmReadWritePtr - Init not done for -1, skipping unlock
JackShmReadWritePtr::~JackShmReadWritePtr - Init not done for -1, skipping unlock
WARN : Microphone: No input device found.
INFO : NVRAM not found at '/home/runner/.config/hatari/hatari.nvram'
WARN : Bus Error reading at address $fffffc21, PC=$e00d74 addr_e3=e00d74 op_e3=4a10
WARN : Strange screen size 16x480 -> aspect corrected by 32x1!
command FIFO read error: Resource temporarily unavailable
command FIFO read error: Resource temporarily unavailable
command FIFO read error: Resource temporarily unavailable
command FIFO read error: Resource temporarily unavailable
command FIFO read error: Resource temporarily unavailable
command FIFO read error: Resource temporarily unavailable
command FIFO read error: Resource temporarily unavailable
command FIFO read error: Resource temporarily unavailable
command FIFO read error: Resource temporarily unavailable
command FIFO read error: Resource temporarily unavailable
command FIFO read error: Resource temporarily unavailable
command FIFO read error: Resource temporarily unavailable
command FIFO read error: Resource temporarily unavailable
command FIFO read error: Resource temporarily unavailable
command FIFO read error: Resource temporarily unavailable
command FIFO read error: Resource temporarily unavailable
command FIFO read error: Resource temporarily unavailable
command FIFO read error: Resource temporarily unavailable
command FIFO read error: Resource temporarily unavailable
command FIFO read error: Resource temporarily unavailable
command FIFO read error: Resource temporarily unavailable
command FIFO read error: Resource temporarily unavailable
command FIFO read error: Resource temporarily unavailable
command FIFO read error: Resource temporarily unavailable
command FIFO read error: Resource temporarily unavailable
command FIFO read error: Resource temporarily unavailable
command FIFO read error: Resource temporarily unavailable
command FIFO read error: Resource temporarily unavailable
command FIFO read error: Resource temporarily unavailable
command FIFO read error: Resource temporarily unavailable
command FIFO read error: Resource temporarily unavailable
command FIFO read error: Resource temporarily unavailable
command FIFO read error: Resource temporarily unavailable
command FIFO read error: Resource temporarily unavailable
command FIFO read error: Resource temporarily unavailable
command FIFO read error: Resource temporarily unavailable
command FIFO read error: Resource temporarily unavailable
command FIFO read error: Resource temporarily unavailable
command FIFO read error: Resource temporarily unavailable
command FIFO read error: Resource temporarily unavailable
command FIFO read error: Resource temporarily unavailable
command FIFO read error: Resource temporarily unavailable
command FIFO read error: Resource temporarily unavailable
command FIFO read error: Resource temporarily unavailable
command FIFO read error: Resource temporarily unavailable
command FIFO read error: Resource temporarily unavailable
command FIFO read error: Resource temporarily unavailable
command FIFO read error: Resource temporarily unavailable
command FIFO read error: Resource temporarily unavailable
command FIFO read error: Resource temporarily unavailable
command FIFO read error: Resource temporarily unavailable
command FIFO read error: Resource temporarily unavailable
command FIFO read error: Resource temporarily unavailable
command FIFO read error: Resource temporarily unavailable
command FIFO read error: Resource temporarily unavailable
command FIFO read error: Resource temporarily unavailable
command FIFO read error: Resource temporarily unavailable
command FIFO read error: Resource temporarily unavailable
command FIFO read error: Resource temporarily unavailable
command FIFO read error: Resource temporarily unavailable
command FIFO read error: Resource temporarily unavailable
command FIFO read error: Resource temporarily unavailable
command FIFO read error: Resource temporarily unavailable
command FIFO read error: Resource temporarily unavailable
command FIFO read error: Resource temporarily unavailable
command FIFO read error: Resource temporarily unavailable
command FIFO read error: Resource temporarily unavailable
command FIFO read error: Resource temporarily unavailable
command FIFO read error: Resource temporarily unavailable
command FIFO read error: Resource temporarily unavailable
command FIFO read error: Resource temporarily unavailable
command FIFO read error: Resource temporarily unavailable
command FIFO read error: Resource temporarily unavailable
command FIFO read error: Resource temporarily unavailable
command FIFO read error: Resource temporarily unavailable
command FIFO read error: Resource temporarily unavailable
command FIFO read error: Resource temporarily unavailable
command FIFO read error: Resource temporarily unavailable
command FIFO read error: Resource temporarily unavailable
command FIFO read error: Resource temporarily unavailable
command FIFO read error: Resource temporarily unavailable
command FIFO read error: Resource temporarily unavailable
command FIFO read error: Resource temporarily unavailable
command FIFO read error: Resource temporarily unavailable
command FIFO read error: Resource temporarily unavailable
command FIFO read error: Resource temporarily unavailable
command FIFO read error: Resource temporarily unavailable
command FIFO read error: Resource temporarily unavailable
command FIFO read error: Resource temporarily unavailable
command FIFO read error: Resource temporarily unavailable
command FIFO read error: Resource temporarily unavailable
command FIFO read error: Resource temporarily unavailable
command FIFO read error: Resource temporarily unavailable
command FIFO read error: Resource temporarily unavailable
command FIFO read error: Resource temporarily unavailable
command FIFO read error: Resource temporarily unavailable
command FIFO read error: Resource temporarily unavailable
command FIFO read error: Resource temporarily unavailable
command FIFO read error: Resource temporarily unavailable
command FIFO read error: Resource temporarily unavailable
command FIFO read error: Resource temporarily unavailable
command FIFO read error: Resource temporarily unavailable
command FIFO read error: Resource temporarily unavailable
command FIFO read error: Resource temporarily unavailable
command FIFO read error: Resource temporarily unavailable
command FIFO read error: Resource temporarily unavailable
command FIFO read error: Resource temporarily unavailable
command FIFO read error: Resource temporarily unavailable
command FIFO read error: Resource temporarily unavailable
command FIFO read error: Resource temporarily unavailable
command FIFO read error: Resource temporarily unavailable
command FIFO read error: Resource temporarily unavailable
command FIFO read error: Resource temporarily unavailable
command FIFO read error: Resource temporarily unavailable
command FIFO read error: Resource temporarily unavailable
command FIFO read error: Resource temporarily unavailable
command FIFO read error: Resource temporarily unavailable
command FIFO read error: Resource temporarily unavailable
command FIFO read error: Resource temporarily unavailable
command FIFO read error: Resource temporarily unavailable
command FIFO read error: Resource temporarily unavailable
command FIFO read error: Resource temporarily unavailable
command FIFO read error: Resource temporarily unavailable
command FIFO read error: Resource temporarily unavailable
command FIFO read error: Resource temporarily unavailable
command FIFO read error: Resource temporarily unavailable
command FIFO read error: Resource temporarily unavailable
command FIFO read error: Resource temporarily unavailable
command FIFO read error: Resource temporarily unavailable
command FIFO read error: Resource temporarily unavailable
command FIFO read error: Resource temporarily unavailable
command FIFO read error: Resource temporarily unavailable
command FIFO read error: Resource temporarily unavailable
command FIFO read error: Resource temporarily unavailable
command FIFO read error: Resource temporarily unavailable
command FIFO read error: Resource temporarily unavailable
command FIFO read error: Resource temporarily unavailable
command FIFO read error: Resource temporarily unavailable
command FIFO read error: Resource temporarily unavailable
command FIFO read error: Resource temporarily unavailable
command FIFO read error: Resource temporarily unavailable
command FIFO read error: Resource temporarily unavailable
command FIFO read error: Resource temporarily unavailable
command FIFO read error: Resource temporarily unavailable
command FIFO read error: Resource temporarily unavailable
command FIFO read error: Resource temporarily unavailable
command FIFO read error: Resource temporarily unavailable
command FIFO read error: Resource temporarily unavailable
command FIFO read error: Resource temporarily unavailable
command FIFO read error: Resource temporarily unavailable
command FIFO read error: Resource temporarily unavailable
command FIFO read error: Resource temporarily unavailable
command FIFO read error: Resource temporarily unavailable
command FIFO read error: Resource temporarily unavailable
command FIFO read error: Resource temporarily unavailable
command FIFO read error: Resource temporarily unavailable
command FIFO read error: Resource temporarily unavailable
command FIFO read error: Resource temporarily unavailable
command FIFO read error: Resource temporarily unavailable
command FIFO read error: Resource temporarily unavailable
command FIFO read error: Resource temporarily unavailable
command FIFO read error: Resource temporarily unavailable
command FIFO read error: Resource temporarily unavailable
command FIFO read error: Resource temporarily unavailable
command FIFO read error: Resource temporarily unavailable
command FIFO read error: Resource temporarily unavailable
command FIFO read error: Resource temporarily unavailable
command FIFO read error: Resource temporarily unavailable
command FIFO read error: Resource temporarily unavailable
command FIFO read error: Resource temporarily unavailable
command FIFO read error: Resource temporarily unavailable
command FIFO read error: Resource temporarily unavailable
command FIFO read error: Resource temporarily unavailable
command FIFO read error: Resource temporarily unavailable
command FIFO read error: Resource temporarily unavailable
command FIFO read error: Resource temporarily unavailable
command FIFO read error: Resource temporarily unavailable
command FIFO read error: Resource temporarily unavailable
command FIFO read error: Resource temporarily unavailable
command FIFO read error: Resource temporarily unavailable
command FIFO read error: Resource temporarily unavailable
command FIFO read error: Resource temporarily unavailable
command FIFO read error: Resource temporarily unavailable
command FIFO read error: Resource temporarily unavailable
command FIFO read error: Resource temporarily unavailable
command FIFO read error: Resource temporarily unavailable
command FIFO read error: Resource temporarily unavailable
command FIFO read error: Resource temporarily unavailable
command FIFO read error: Resource temporarily unavailable
command FIFO read error: Resource temporarily unavailable
command FIFO read error: Resource temporarily unavailable
command FIFO read error: Resource temporarily unavailable
command FIFO read error: Resource temporarily unavailable
command FIFO read error: Resource temporarily unavailable
command FIFO read error: Resource temporarily unavailable
command FIFO read error: Resource temporarily unavailable
command FIFO read error: Resource temporarily unavailable
command FIFO read error: Resource temporarily unavailable
command FIFO read error: Resource temporarily unavailable
command FIFO read error: Resource temporarily unavailable
command FIFO read error: Resource temporarily unavailable
command FIFO read error: Resource temporarily unavailable
command FIFO read error: Resource temporarily unavailable
command FIFO read error: Resource temporarily unavailable
command FIFO read error: Resource temporarily unavailable
command FIFO read error: Resource temporarily unavailable
command FIFO read error: Resource temporarily unavailable
command FIFO read error: Resource temporarily unavailable
command FIFO read error: Resource temporarily unavailable
command FIFO read error: Resource temporarily unavailable
command FIFO read error: Resource temporarily unavailable
command FIFO read error: Resource temporarily unavailable
command FIFO read error: Resource temporarily unavailable
command FIFO read error: Resource temporarily unavailable
command FIFO read error: Resource temporarily unavailable
command FIFO read error: Resource temporarily unavailable
command FIFO read error: Resource temporarily unavailable
command FIFO read error: Resource temporarily unavailable
command FIFO read error: Resource temporarily unavailable
command FIFO read error: Resource temporarily unavailable
command FIFO read error: Resource temporarily unavailable
command FIFO read error: Resource temporarily unavailable
command FIFO read error: Resource temporarily unavailable
command FIFO read error: Resource temporarily unavailable
command FIFO read error: Resource temporarily unavailable
command FIFO read error: Resource temporarily unavailable
command FIFO read error: Resource temporarily unavailable
command FIFO read error: Resource temporarily unavailable
command FIFO read error: Resource temporarily unavailable
command FIFO read error: Resource temporarily unavailable
command FIFO read error: Resource temporarily unavailable
command FIFO read error: Resource temporarily unavailable
command FIFO read error: Resource temporarily unavailable
command FIFO read error: Resource temporarily unavailable
command FIFO read error: Resource temporarily unavailable
command FIFO read error: Resource temporarily unavailable
command FIFO read error: Resource temporarily unavailable
command FIFO read error: Resource temporarily unavailable
command FIFO read error: Resource temporarily unavailable
command FIFO read error: Resource temporarily unavailable
command FIFO read error: Resource temporarily unavailable
command FIFO read error: Resource temporarily unavailable
command FIFO read error: Resource temporarily unavailable
command FIFO read error: Resource temporarily unavailable
command FIFO read error: Resource temporarily unavailable
command FIFO read error: Resource temporarily unavailable
command FIFO read error: Resource temporarily unavailable
command FIFO read error: Resource temporarily unavailable
command FIFO read error: Resource temporarily unavailable
command FIFO read error: Resource temporarily unavailable
command FIFO read error: Resource temporarily unavailable
command FIFO read error: Resource temporarily unavailable
command FIFO read error: Resource temporarily unavailable
command FIFO read error: Resource temporarily unavailable
command FIFO read error: Resource temporarily unavailable
command FIFO read error: Resource temporarily unavailable
command FIFO read error: Resource temporarily unavailable
command FIFO read error: Resource temporarily unavailable
command FIFO read error: Resource temporarily unavailable
command FIFO read error: Resource temporarily unavailable
command FIFO read error: Resource temporarily unavailable
command FIFO read error: Resource temporarily unavailable
command FIFO read error: Resource temporarily unavailable
command FIFO read error: Resource temporarily unavailable
command FIFO read error: Resource temporarily unavailable
command FIFO read error: Resource temporarily unavailable
command FIFO read error: Resource temporarily unavailable
command FIFO read error: Resource temporarily unavailable
command FIFO read error: Resource temporarily unavailable
command FIFO read error: Resource temporarily unavailable
command FIFO read error: Resource temporarily unavailable
command FIFO read error: Resource temporarily unavailable
command FIFO read error: Resource temporarily unavailable
command FIFO read error: Resource temporarily unavailable
command FIFO read error: Resource temporarily unavailable
command FIFO read error: Resource temporarily unavailable
command FIFO read error: Resource temporarily unavailable
command FIFO read error: Resource temporarily unavailable
command FIFO read error: Resource temporarily unavailable
command FIFO read error: Resource temporarily unavailable
command FIFO read error: Resource temporarily unavailable
command FIFO read error: Resource temporarily unavailable
command FIFO read error: Resource temporarily unavailable
command FIFO read error: Resource temporarily unavailable
command FIFO read error: Resource temporarily unavailable
command FIFO read error: Resource temporarily unavailable
command FIFO read error: Resource temporarily unavailable
command FIFO read error: Resource temporarily unavailable
command FIFO read error: Resource temporarily unavailable
command FIFO read error: Resource temporarily unavailable
command FIFO read error: Resource temporarily unavailable
WARN : No GEMDOS dir '/home/runner/work/OUTRUN_CANNONBALL_ATARI-FALCON030-CT060/OUTRUN_CANNONBALL_ATARI-FALCON030-CT060/hd/etc'
command FIFO read error: Resource temporarily unavailable
command FIFO read error: Resource temporarily unavailable
command FIFO read error: Resource temporarily unavailable
command FIFO read error: Resource temporarily unavailable
command FIFO read error: Resource temporarily unavailable
command FIFO read error: Resource temporarily unavailable
command FIFO read error: Resource temporarily unavailable
command FIFO read error: Resource temporarily unavailable
command FIFO read error: Resource temporarily unavailable
command FIFO read error: Resource temporarily unavailable
command FIFO read error: Resource temporarily unavailable
command FIFO read error: Resource temporarily unavailable
command FIFO read error: Resource temporarily unavailable
command FIFO read error: Resource temporarily unavailable
command FIFO read error: Resource temporarily unavailable
command FIFO read error: Resource temporarily unavailable
command FIFO read error: Resource temporarily unavailable
command FIFO read error: Resource temporarily unavailable
command FIFO read error: Resource temporarily unavailable
command FIFO read error: Resource temporarily unavailable
command FIFO read error: Resource temporarily unavailable
command FIFO read error: Resource temporarily unavailable
command FIFO read error: Resource temporarily unavailable
command FIFO read error: Resource temporarily unavailable
command FIFO read error: Resource temporarily unavailable
command FIFO read error: Resource temporarily unavailable
command FIFO read error: Resource temporarily unavailable
command FIFO read error: Resource temporarily unavailable
command FIFO read error: Resource temporarily unavailable
command FIFO read error: Resource temporarily unavailable
command FIFO read error: Resource temporarily unavailable
command FIFO read error: Resource temporarily unavailable
command FIFO read error: Resource temporarily unavailable
command FIFO read error: Resource temporarily unavailable
command FIFO read error: Resource temporarily unavailable
command FIFO read error: Resource temporarily unavailable
command FIFO read error: Resource temporarily unavailable
command FIFO read error: Resource temporarily unavailable
command FIFO read error: Resource temporarily unavailable
command FIFO read error: Resource temporarily unavailable
command FIFO read error: Resource temporarily unavailable
command FIFO read error: Resource temporarily unavailable
command FIFO read error: Resource temporarily unavailable
command FIFO read error: Resource temporarily unavailable
command FIFO read error: Resource temporarily unavailable
command FIFO read error: Resource temporarily unavailable
command FIFO read error: Resource temporarily unavailable
command FIFO read error: Resource temporarily unavailable
command FIFO read error: Resource temporarily unavailable
command FIFO read error: Resource temporarily unavailable
command FIFO read error: Resource temporarily unavailable
command FIFO read error: Resource temporarily unavailable
command FIFO read error: Resource temporarily unavailable
command FIFO read error: Resource temporarily unavailable
command FIFO read error: Resource temporarily unavailable
command FIFO read error: Resource temporarily unavailable
command FIFO read error: Resource temporarily unavailable
command FIFO read error: Resource temporarily unavailable
command FIFO read error: Resource temporarily unavailable
command FIFO read error: Resource temporarily unavailable
command FIFO read error: Resource temporarily unavailable
command FIFO read error: Resource temporarily unavailable
command FIFO read error: Resource temporarily unavailable
command FIFO read error: Resource temporarily unavailable
command FIFO read error: Resource temporarily unavailable
command FIFO read error: Resource temporarily unavailable
command FIFO read error: Resource temporarily unavailable
command FIFO read error: Resource temporarily unavailable
command FIFO read error: Resource temporarily unavailable
command FIFO read error: Resource temporarily unavailable
command FIFO read error: Resource temporarily unavailable
command FIFO read error: Resource temporarily unavailable
command FIFO read error: Resource temporarily unavailable
command FIFO read error: Resource temporarily unavailable
command FIFO read error: Resource temporarily unavailable
command FIFO read error: Resource temporarily unavailable
command FIFO read error: Resource temporarily unavailable
command FIFO read error: Resource temporarily unavailable
command FIFO read error: Resource temporarily unavailable
command FIFO read error: Resource temporarily unavailable
command FIFO read error: Resource temporarily unavailable
command FIFO read error: Resource temporarily unavailable
command FIFO read error: Resource temporarily unavailable
command FIFO read error: Resource temporarily unavailable
command FIFO read error: Resource temporarily unavailable
command FIFO read error: Resource temporarily unavailable
command FIFO read error: Resource temporarily unavailable
command FIFO read error: Resource temporarily unavailable
command FIFO read error: Resource temporarily unavailable
command FIFO read error: Resource temporarily unavailable
command FIFO read error: Resource temporarily unavailable
command FIFO read error: Resource temporarily unavailable
command FIFO read error: Resource temporarily unavailable
command FIFO read error: Resource temporarily unavailable
command FIFO read error: Resource temporarily unavailable
command FIFO read error: Resource temporarily unavailable
command FIFO read error: Resource temporarily unavailable
command FIFO read error: Resource temporarily unavailable
command FIFO read error: Resource temporarily unavailable
command FIFO read error: Resource temporarily unavailable
command FIFO read error: Resource temporarily unavailable
command FIFO read error: Resource temporarily unavailable
command FIFO read error: Resource temporarily unavailable
command FIFO read error: Resource temporarily unavailable
command FIFO read error: Resource temporarily unavailable
command FIFO read error: Resource temporarily unavailable
command FIFO read error: Resource temporarily unavailable
command FIFO read error: Resource temporarily unavailable
command FIFO read error: Resource temporarily unavailable
command FIFO read error: Resource temporarily unavailable
command FIFO read error: Resource temporarily unavailable
command FIFO read error: Resource temporarily unavailable
command FIFO read error: Resource temporarily unavailable
command FIFO read error: Resource temporarily unavailable
command FIFO read error: Resource temporarily unavailable
command FIFO read error: Resource temporarily unavailable
command FIFO read error: Resource temporarily unavailable
command FIFO read error: Resource temporarily unavailable
command FIFO read error: Resource temporarily unavailable
command FIFO read error: Resource temporarily unavailable
command FIFO read error: Resource temporarily unavailable
command FIFO read error: Resource temporarily unavailable
command FIFO read error: Resource temporarily unavailable
command FIFO read error: Resource temporarily unavailable
command FIFO read error: Resource temporarily unavailable
command FIFO read error: Resource temporarily unavailable
command FIFO read error: Resource temporarily unavailable
command FIFO read error: Resource temporarily unavailable
command FIFO read error: Resource temporarily unavailable
command FIFO read error: Resource temporarily unavailable
command FIFO read error: Resource temporarily unavailable
command FIFO read error: Resource temporarily unavailable
command FIFO read error: Resource temporarily unavailable
command FIFO read error: Resource temporarily unavailable
command FIFO read error: Resource temporarily unavailable
command FIFO read error: Resource temporarily unavailable
command FIFO read error: Resource temporarily unavailable
command FIFO read error: Resource temporarily unavailable
command FIFO read error: Resource temporarily unavailable
command FIFO read error: Resource temporarily unavailable
command FIFO read error: Resource temporarily unavailable
command FIFO read error: Resource temporarily unavailable
command FIFO read error: Resource temporarily unavailable
command FIFO read error: Resource temporarily unavailable
command FIFO read error: Resource temporarily unavailable
command FIFO read error: Resource temporarily unavailable
command FIFO read error: Resource temporarily unavailable
command FIFO read error: Resource temporarily unavailable
command FIFO read error: Resource temporarily unavailable
command FIFO read error: Resource temporarily unavailable
command FIFO read error: Resource temporarily unavailable
command FIFO read error: Resource temporarily unavailable
command FIFO read error: Resource temporarily unavailable
command FIFO read error: Resource temporarily unavailable
command FIFO read error: Resource temporarily unavailable
command FIFO read error: Resource temporarily unavailable
command FIFO read error: Resource temporarily unavailable
command FIFO read error: Resource temporarily unavailable
command FIFO read error: Resource temporarily unavailable
command FIFO read error: Resource temporarily unavailable
command FIFO read error: Resource temporarily unavailable
command FIFO read error: Resource temporarily unavailable
command FIFO read error: Resource temporarily unavailable
command FIFO read error: Resource temporarily unavailable
command FIFO read error: Resource temporarily unavailable
command FIFO read error: Resource temporarily unavailable
command FIFO read error: Resource temporarily unavailable
command FIFO read error: Resource temporarily unavailable
command FIFO read error: Resource temporarily unavailable
command FIFO read error: Resource temporarily unavailable
command FIFO read error: Resource temporarily unavailable
command FIFO read error: Resource temporarily unavailable
command FIFO read error: Resource temporarily unavailable
command FIFO read error: Resource temporarily unavailable
command FIFO read error: Resource temporarily unavailable
command FIFO read error: Resource temporarily unavailable
command FIFO read error: Resource temporarily unavailable
command FIFO read error: Resource temporarily unavailable
command FIFO read error: Resource temporarily unavailable
command FIFO read error: Resource temporarily unavailable
command FIFO read error: Resource temporarily unavailable
command FIFO read error: Resource temporarily unavailable
command FIFO read error: Resource temporarily unavailable
command FIFO read error: Resource temporarily unavailable
command FIFO read error: Resource temporarily unavailable
command FIFO read error: Resource temporarily unavailable
command FIFO read error: Resource temporarily unavailable
command FIFO read error: Resource temporarily unavailable
command FIFO read error: Resource temporarily unavailable
command FIFO read error: Resource temporarily unavailable
command FIFO read error: Resource temporarily unavailable
command FIFO read error: Resource temporarily unavailable
command FIFO read error: Resource temporarily unavailable
command FIFO read error: Resource temporarily unavailable
command FIFO read error: Resource temporarily unavailable
command FIFO read error: Resource temporarily unavailable
command FIFO read error: Resource temporarily unavailable
command FIFO read error: Resource temporarily unavailable
command FIFO read error: Resource temporarily unavailable
command FIFO read error: Resource temporarily unavailable
command FIFO read error: Resource temporarily unavailable
command FIFO read error: Resource temporarily unavailable
command FIFO read error: Resource temporarily unavailable
command FIFO read error: Resource temporarily unavailable
command FIFO read error: Resource temporarily unavailable
command FIFO read error: Resource temporarily unavailable
command FIFO read error: Resource temporarily unavailable
command FIFO read error: Resource temporarily unavailable
command FIFO read error: Resource temporarily unavailable
command FIFO read error: Resource temporarily unavailable
command FIFO read error: Resource temporarily unavailable
command FIFO read error: Resource temporarily unavailable
command FIFO read error: Resource temporarily unavailable
command FIFO read error: Resource temporarily unavailable
command FIFO read error: Resource temporarily unavailable
command FIFO read error: Resource temporarily unavailable
command FIFO read error: Resource temporarily unavailable
command FIFO read error: Resource temporarily unavailable
command FIFO read error: Resource temporarily unavailable
command FIFO read error: Resource temporarily unavailable
command FIFO read error: Resource temporarily unavailable
command FIFO read error: Resource temporarily unavailable
command FIFO read error: Resource temporarily unavailable
command FIFO read error: Resource temporarily unavailable
command FIFO read error: Resource temporarily unavailable
command FIFO read error: Resource temporarily unavailable
command FIFO read error: Resource temporarily unavailable
command FIFO read error: Resource temporarily unavailable
command FIFO read error: Resource temporarily unavailable
command FIFO read error: Resource temporarily unavailable
command FIFO read error: Resource temporarily unavailable
command FIFO read error: Resource temporarily unavailable
command FIFO read error: Resource temporarily unavailable
command FIFO read error: Resource temporarily unavailable
command FIFO read error: Resource temporarily unavailable
command FIFO read error: Resource temporarily unavailable
command FIFO read error: Resource temporarily unavailable
command FIFO read error: Resource temporarily unavailable
command FIFO read error: Resource temporarily unavailable
command FIFO read error: Resource temporarily unavailable
command FIFO read error: Resource temporarily unavailable
command FIFO read error: Resource temporarily unavailable
command FIFO read error: Resource temporarily unavailable
command FIFO read error: Resource temporarily unavailable
command FIFO read error: Resource temporarily unavailable
command FIFO read error: Resource temporarily unavailable
command FIFO read error: Resource temporarily unavailable
command FIFO read error: Resource temporarily unavailable
command FIFO read error: Resource temporarily unavailable
command FIFO read error: Resource temporarily unavailable
command FIFO read error: Resource temporarily unavailable
command FIFO read error: Resource temporarily unavailable
command FIFO read error: Resource temporarily unavailable
command FIFO read error: Resource temporarily unavailable
command FIFO read error: Resource temporarily unavailable
command FIFO read error: Resource temporarily unavailable
command FIFO read error: Resource temporarily unavailable
command FIFO read error: Resource temporarily unavailable
command FIFO read error: Resource temporarily unavailable
command FIFO read error: Resource temporarily unavailable
command FIFO read error: Resource temporarily unavailable
command FIFO read error: Resource temporarily unavailable
command FIFO read error: Resource temporarily unavailable
command FIFO read error: Resource temporarily unavailable
command FIFO read error: Resource temporarily unavailable
command FIFO read error: Resource temporarily unavailable
command FIFO read error: Resource temporarily unavailable
command FIFO read error: Resource temporarily unavailable
command FIFO read error: Resource temporarily unavailable
command FIFO read error: Resource temporarily unavailable
command FIFO read error: Resource temporarily unavailable
command FIFO read error: Resource temporarily unavailable
command FIFO read error: Resource temporarily unavailable
command FIFO read error: Resource temporarily unavailable
command FIFO read error: Resource temporarily unavailable
command FIFO read error: Resource temporarily unavailable
command FIFO read error: Resource temporarily unavailable
command FIFO read error: Resource temporarily unavailable
command FIFO read error: Resource temporarily unavailable
command FIFO read error: Resource temporarily unavailable
command FIFO read error: Resource temporarily unavailable
command FIFO read error: Resource temporarily unavailable
command FIFO read error: Resource temporarily unavailable
command FIFO read error: Resource temporarily unavailable
command FIFO read error: Resource temporarily unavailable
command FIFO read error: Resource temporarily unavailable
command FIFO read error: Resource temporarily unavailable
command FIFO read error: Resource temporarily unavailable
command FIFO read error: Resource temporarily unavailable
command FIFO read error: Resource temporarily unavailable
command FIFO read error: Resource temporarily unavailable
command FIFO read error: Resource temporarily unavailable
command FIFO read error: Resource temporarily unavailable
command FIFO read error: Resource temporarily unavailable
command FIFO read error: Resource temporarily unavailable
command FIFO read error: Resource temporarily unavailable
command FIFO read error: Resource temporarily unavailable
command FIFO read error: Resource temporarily unavailable
command FIFO read error: Resource temporarily unavailable
command FIFO read error: Resource temporarily unavailable
command FIFO read error: Resource temporarily unavailable
command FIFO read error: Resource temporarily unavailable
command FIFO read error: Resource temporarily unavailable
command FIFO read error: Resource temporarily unavailable
command FIFO read error: Resource temporarily unavailable
command FIFO read error: Resource temporarily unavailable
command FIFO read error: Resource temporarily unavailable
command FIFO read error: Resource temporarily unavailable
command FIFO read error: Resource temporarily unavailable
command FIFO read error: Resource temporarily unavailable
command FIFO read error: Resource temporarily unavailable
command FIFO read error: Resource temporarily unavailable
command FIFO read error: Resource temporarily unavailable
command FIFO read error: Resource temporarily unavailable
command FIFO read error: Resource temporarily unavailable
command FIFO read error: Resource temporarily unavailable
command FIFO read error: Resource temporarily unavailable
command FIFO read error: Resource temporarily unavailable
command FIFO read error: Resource temporarily unavailable
command FIFO read error: Resource temporarily unavailable
command FIFO read error: Resource temporarily unavailable
command FIFO read error: Resource temporarily unavailable
command FIFO read error: Resource temporarily unavailable
command FIFO read error: Resource temporarily unavailable
command FIFO read error: Resource temporarily unavailable
command FIFO read error: Resource temporarily unavailable
INFO : WAV sound data recording has been started.
command FIFO read error: Resource temporarily unavailable
command FIFO read error: Resource temporarily unavailable
command FIFO read error: Resource temporarily unavailable
command FIFO read error: Resource temporarily unavailable
command FIFO read error: Resource temporarily unavailable
command FIFO read error: Resource temporarily unavailable
command FIFO read error: Resource temporarily unavailable
command FIFO read error: Resource temporarily unavailable
command FIFO read error: Resource temporarily unavailable
command FIFO read error: Resource temporarily unavailable
command FIFO read error: Resource temporarily unavailable
command FIFO read error: Resource temporarily unavailable
command FIFO read error: Resource temporarily unavailable
command FIFO read error: Resource temporarily unavailable
command FIFO read error: Resource temporarily unavailable
command FIFO read error: Resource temporarily unavailable
command FIFO read error: Resource temporarily unavailable
command FIFO read error: Resource temporarily unavailable
command FIFO read error: Resource temporarily unavailable
command FIFO read error: Resource temporarily unavailable
command FIFO read error: Resource temporarily unavailable
command FIFO read error: Resource temporarily unavailable
command FIFO read error: Resource temporarily unavailable
command FIFO read error: Resource temporarily unavailable
command FIFO read error: Resource temporarily unavailable
command FIFO read error: Resource temporarily unavailable
command FIFO read error: Resource temporarily unavailable
command FIFO read error: Resource temporarily unavailable
command FIFO read error: Resource temporarily unavailable
command FIFO read error: Resource temporarily unavailable
command FIFO read error: Resource temporarily unavailable
command FIFO read error: Resource temporarily unavailable
command FIFO read error: Resource temporarily unavailable
command FIFO read error: Resource temporarily unavailable
command FIFO read error: Resource temporarily unavailable
command FIFO read error: Resource temporarily unavailable
command FIFO read error: Resource temporarily unavailable
command FIFO read error: Resource temporarily unavailable
command FIFO read error: Resource temporarily unavailable
command FIFO read error: Resource temporarily unavailable
command FIFO read error: Resource temporarily unavailable
command FIFO read error: Resource temporarily unavailable
command FIFO read error: Resource temporarily unavailable
command FIFO read error: Resource temporarily unavailable
command FIFO read error: Resource temporarily unavailable
command FIFO read error: Resource temporarily unavailable
command FIFO read error: Resource temporarily unavailable
command FIFO read error: Resource temporarily unavailable
command FIFO read error: Resource temporarily unavailable
command FIFO read error: Resource temporarily unavailable
command FIFO read error: Resource temporarily unavailable
command FIFO read error: Resource temporarily unavailable
command FIFO read error: Resource temporarily unavailable
command FIFO read error: Resource temporarily unavailable
command FIFO read error: Resource temporarily unavailable
command FIFO read error: Resource temporarily unavailable
command FIFO read error: Resource temporarily unavailable
command FIFO read error: Resource temporarily unavailable
command FIFO read error: Resource temporarily unavailable
command FIFO read error: Resource temporarily unavailable
command FIFO read error: Resource temporarily unavailable
command FIFO read error: Resource temporarily unavailable
command FIFO read error: Resource temporarily unavailable
command FIFO read error: Resource temporarily unavailable
command FIFO read error: Resource temporarily unavailable
command FIFO read error: Resource temporarily unavailable
command FIFO read error: Resource temporarily unavailable
command FIFO read error: Resource temporarily unavailable
command FIFO read error: Resource temporarily unavailable
command FIFO read error: Resource temporarily unavailable
command FIFO read error: Resource temporarily unavailable
command FIFO read error: Resource temporarily unavailable
command FIFO read error: Resource temporarily unavailable
command FIFO read error: Resource temporarily unavailable
command FIFO read error: Resource temporarily unavailable
command FIFO read error: Resource temporarily unavailable
command FIFO read error: Resource temporarily unavailable
command FIFO read error: Resource temporarily unavailable
command FIFO read error: Resource temporarily unavailable
command FIFO read error: Resource temporarily unavailable
command FIFO read error: Resource temporarily unavailable
command FIFO read error: Resource temporarily unavailable
command FIFO read error: Resource temporarily unavailable
command FIFO read error: Resource temporarily unavailable
command FIFO read error: Resource temporarily unavailable
command FIFO read error: Resource temporarily unavailable
command FIFO read error: Resource temporarily unavailable
command FIFO read error: Resource temporarily unavailable
command FIFO read error: Resource temporarily unavailable
command FIFO read error: Resource temporarily unavailable
command FIFO read error: Resource temporarily unavailable
command FIFO read error: Resource temporarily unavailable
command FIFO read error: Resource temporarily unavailable
command FIFO read error: Resource temporarily unavailable
command FIFO read error: Resource temporarily unavailable
command FIFO read error: Resource temporarily unavailable
command FIFO read error: Resource temporarily unavailable
command FIFO read error: Resource temporarily unavailable
command FIFO read error: Resource temporarily unavailable
command FIFO read error: Resource temporarily unavailable
command FIFO read error: Resource temporarily unavailable
command FIFO read error: Resource temporarily unavailable
command FIFO read error: Resource temporarily unavailable
command FIFO read error: Resource temporarily unavailable
command FIFO read error: Resource temporarily unavailable
command FIFO read error: Resource temporarily unavailable
command FIFO read error: Resource temporarily unavailable
command FIFO read error: Resource temporarily unavailable
command FIFO read error: Resource temporarily unavailable
command FIFO read error: Resource temporarily unavailable
command FIFO read error: Resource temporarily unavailable
command FIFO read error: Resource temporarily unavailable
command FIFO read error: Resource temporarily unavailable
command FIFO read error: Resource temporarily unavailable
command FIFO read error: Resource temporarily unavailable
command FIFO read error: Resource temporarily unavailable
command FIFO read error: Resource temporarily unavailable
command FIFO read error: Resource temporarily unavailable
command FIFO read error: Resource temporarily unavailable
command FIFO read error: Resource temporarily unavailable
command FIFO read error: Resource temporarily unavailable
command FIFO read error: Resource temporarily unavailable
command FIFO read error: Resource temporarily unavailable
command FIFO read error: Resource temporarily unavailable
command FIFO read error: Resource temporarily unavailable
command FIFO read error: Resource temporarily unavailable
command FIFO read error: Resource temporarily unavailable
command FIFO read error: Resource temporarily unavailable
command FIFO read error: Resource temporarily unavailable
command FIFO read error: Resource temporarily unavailable
command FIFO read error: Resource temporarily unavailable
command FIFO read error: Resource temporarily unavailable
command FIFO read error: Resource temporarily unavailable
command FIFO read error: Resource temporarily unavailable
command FIFO read error: Resource temporarily unavailable
command FIFO read error: Resource temporarily unavailable
command FIFO read error: Resource temporarily unavailable
command FIFO read error: Resource temporarily unavailable
command FIFO read error: Resource temporarily unavailable
command FIFO read error: Resource temporarily unavailable
command FIFO read error: Resource temporarily unavailable
command FIFO read error: Resource temporarily unavailable
command FIFO read error: Resource temporarily unavailable
command FIFO read error: Resource temporarily unavailable
command FIFO read error: Resource temporarily unavailable
command FIFO read error: Resource temporarily unavailable
command FIFO read error: Resource temporarily unavailable
command FIFO read error: Resource temporarily unavailable
command FIFO read error: Resource temporarily unavailable
command FIFO read error: Resource temporarily unavailable
command FIFO read error: Resource temporarily unavailable
command FIFO read error: Resource temporarily unavailable
command FIFO read error: Resource temporarily unavailable
command FIFO read error: Resource temporarily unavailable
command FIFO read error: Resource temporarily unavailable
command FIFO read error: Resource temporarily unavailable
command FIFO read error: Resource temporarily unavailable
command FIFO read error: Resource temporarily unavailable
command FIFO read error: Resource temporarily unavailable
command FIFO read error: Resource temporarily unavailable
command FIFO read error: Resource temporarily unavailable
command FIFO read error: Resource temporarily unavailable
command FIFO read error: Resource temporarily unavailable
command FIFO read error: Resource temporarily unavailable
command FIFO read error: Resource temporarily unavailable
command FIFO read error: Resource temporarily unavailable
command FIFO read error: Resource temporarily unavailable
command FIFO read error: Resource temporarily unavailable
command FIFO read error: Resource temporarily unavailable
command FIFO read error: Resource temporarily unavailable
command FIFO read error: Resource temporarily unavailable
command FIFO read error: Resource temporarily unavailable
command FIFO read error: Resource temporarily unavailable
command FIFO read error: Resource temporarily unavailable
command FIFO read error: Resource temporarily unavailable
command FIFO read error: Resource temporarily unavailable
command FIFO read error: Resource temporarily unavailable
command FIFO read error: Resource temporarily unavailable
command FIFO read error: Resource temporarily unavailable
command FIFO read error: Resource temporarily unavailable
command FIFO read error: Resource temporarily unavailable
command FIFO read error: Resource temporarily unavailable
command FIFO read error: Resource temporarily unavailable
command FIFO read error: Resource temporarily unavailable
command FIFO read error: Resource temporarily unavailable
command FIFO read error: Resource temporarily unavailable
command FIFO read error: Resource temporarily unavailable
command FIFO read error: Resource temporarily unavailable
command FIFO read error: Resource temporarily unavailable
command FIFO read error: Resource temporarily unavailable
command FIFO read error: Resource temporarily unavailable
command FIFO read error: Resource temporarily unavailable
command FIFO read error: Resource temporarily unavailable
command FIFO read error: Resource temporarily unavailable
command FIFO read error: Resource temporarily unavailable
command FIFO read error: Resource temporarily unavailable
command FIFO read error: Resource temporarily unavailable
command FIFO read error: Resource temporarily unavailable
command FIFO read error: Resource temporarily unavailable
command FIFO read error: Resource temporarily unavailable
command FIFO read error: Resource temporarily unavailable
command FIFO read error: Resource temporarily unavailable
command FIFO read error: Resource temporarily unavailable
command FIFO read error: Resource temporarily unavailable
command FIFO read error: Resource temporarily unavailable
command FIFO read error: Resource temporarily unavailable
command FIFO read error: Resource temporarily unavailable
command FIFO read error: Resource temporarily unavailable
command FIFO read error: Resource temporarily unavailable
command FIFO read error: Resource temporarily unavailable
command FIFO read error: Resource temporarily unavailable
command FIFO read error: Resource temporarily unavailable
command FIFO read error: Resource temporarily unavailable
command FIFO read error: Resource temporarily unavailable
command FIFO read error: Resource temporarily unavailable
command FIFO read error: Resource temporarily unavailable
command FIFO read error: Resource temporarily unavailable
command FIFO read error: Resource temporarily unavailable
command FIFO read error: Resource temporarily unavailable
command FIFO read error: Resource temporarily unavailable
command FIFO read error: Resource temporarily unavailable
command FIFO read error: Resource temporarily unavailable
command FIFO read error: Resource temporarily unavailable
command FIFO read error: Resource temporarily unavailable
command FIFO read error: Resource temporarily unavailable
command FIFO read error: Resource temporarily unavailable
command FIFO read error: Resource temporarily unavailable
command FIFO read error: Resource temporarily unavailable
command FIFO read error: Resource temporarily unavailable
command FIFO read error: Resource temporarily unavailable
command FIFO read error: Resource temporarily unavailable
command FIFO read error: Resource temporarily unavailable
command FIFO read error: Resource temporarily unavailable
command FIFO read error: Resource temporarily unavailable
command FIFO read error: Resource temporarily unavailable
command FIFO read error: Resource temporarily unavailable
command FIFO read error: Resource temporarily unavailable
command FIFO read error: Resource temporarily unavailable
command FIFO read error: Resource temporarily unavailable
command FIFO read error: Resource temporarily unavailable
command FIFO read error: Resource temporarily unavailable
command FIFO read error: Resource temporarily unavailable
command FIFO read error: Resource temporarily unavailable
command FIFO read error: Resource temporarily unavailable
command FIFO read error: Resource temporarily unavailable
command FIFO read error: Resource temporarily unavailable
command FIFO read error: Resource temporarily unavailable
command FIFO read error: Resource temporarily unavailable
command FIFO read error: Resource temporarily unavailable
command FIFO read error: Resource temporarily unavailable
command FIFO read error: Resource temporarily unavailable
command FIFO read error: Resource temporarily unavailable
command FIFO read error: Resource temporarily unavailable
command FIFO read error: Resource temporarily unavailable
command FIFO read error: Resource temporarily unavailable
command FIFO read error: Resource temporarily unavailable
command FIFO read error: Resource temporarily unavailable
command FIFO read error: Resource temporarily unavailable
command FIFO read error: Resource temporarily unavailable
command FIFO read error: Resource temporarily unavailable
command FIFO read error: Resource temporarily unavailable
command FIFO read error: Resource temporarily unavailable
command FIFO read error: Resource temporarily unavailable
command FIFO read error: Resource temporarily unavailable
command FIFO read error: Resource temporarily unavailable
command FIFO read error: Resource temporarily unavailable
command FIFO read error: Resource temporarily unavailable
command FIFO read error: Resource temporarily unavailable
command FIFO read error: Resource temporarily unavailable
command FIFO read error: Resource temporarily unavailable
command FIFO read error: Resource temporarily unavailable
command FIFO read error: Resource temporarily unavailable
command FIFO read error: Resource temporarily unavailable
command FIFO read error: Resource temporarily unavailable
command FIFO read error: Resource temporarily unavailable
command FIFO read error: Resource temporarily unavailable
command FIFO read error: Resource temporarily unavailable
command FIFO read error: Resource temporarily unavailable
command FIFO read error: Resource temporarily unavailable
command FIFO read error: Resource temporarily unavailable
command FIFO read error: Resource temporarily unavailable
command FIFO read error: Resource temporarily unavailable
command FIFO read error: Resource temporarily unavailable
command FIFO read error: Resource temporarily unavailable
command FIFO read error: Resource temporarily unavailable
command FIFO read error: Resource temporarily unavailable
command FIFO read error: Resource temporarily unavailable
command FIFO read error: Resource temporarily unavailable
command FIFO read error: Resource temporarily unavailable
command FIFO read error: Resource temporarily unavailable
command FIFO read error: Resource temporarily unavailable
command FIFO read error: Resource temporarily unavailable
command FIFO read error: Resource temporarily unavailable
command FIFO read error: Resource temporarily unavailable
command FIFO read error: Resource temporarily unavailable
command FIFO read error: Resource temporarily unavailable
command FIFO read error: Resource temporarily unavailable
command FIFO read error: Resource temporarily unavailable
command FIFO read error: Resource temporarily unavailable
command FIFO read error: Resource temporarily unavailable
command FIFO read error: Resource temporarily unavailable
command FIFO read error: Resource temporarily unavailable
command FIFO read error: Resource temporarily unavailable
command FIFO read error: Resource temporarily unavailable
command FIFO read error: Resource temporarily unavailable
command FIFO read error: Resource temporarily unavailable
command FIFO read error: Resource temporarily unavailable
command FIFO read error: Resource temporarily unavailable
command FIFO read error: Resource temporarily unavailable
command FIFO read error: Resource temporarily unavailable
command FIFO read error: Resource temporarily unavailable
command FIFO read error: Resource temporarily unavailable
command FIFO read error: Resource temporarily unavailable
command FIFO read error: Resource temporarily unavailable
command FIFO read error: Resource temporarily unavailable
command FIFO read error: Resource temporarily unavailable
command FIFO read error: Resource temporarily unavailable
command FIFO read error: Resource temporarily unavailable
command FIFO read error: Resource temporarily unavailable
command FIFO read error: Resource temporarily unavailable
command FIFO read error: Resource temporarily unavailable
command FIFO read error: Resource temporarily unavailable
command FIFO read error: Resource temporarily unavailable
command FIFO read error: Resource temporarily unavailable
command FIFO read error: Resource temporarily unavailable
command FIFO read error: Resource temporarily unavailable
command FIFO read error: Resource temporarily unavailable
command FIFO read error: Resource temporarily unavailable
command FIFO read error: Resource temporarily unavailable
command FIFO read error: Resource temporarily unavailable
command FIFO read error: Resource temporarily unavailable
command FIFO read error: Resource temporarily unavailable
command FIFO read error: Resource temporarily unavailable
command FIFO read error: Resource temporarily unavailable
command FIFO read error: Resource temporarily unavailable
command FIFO read error: Resource temporarily unavailable
command FIFO read error: Resource temporarily unavailable
command FIFO read error: Resource temporarily unavailable
command FIFO read error: Resource temporarily unavailable
command FIFO read error: Resource temporarily unavailable
command FIFO read error: Resource temporarily unavailable
command FIFO read error: Resource temporarily unavailable
command FIFO read error: Resource temporarily unavailable
command FIFO read error: Resource temporarily unavailable
command FIFO read error: Resource temporarily unavailable
command FIFO read error: Resource temporarily unavailable
command FIFO read error: Resource temporarily unavailable
command FIFO read error: Resource temporarily unavailable
command FIFO read error: Resource temporarily unavailable
command FIFO read error: Resource temporarily unavailable
command FIFO read error: Resource temporarily unavailable
command FIFO read error: Resource temporarily unavailable
command FIFO read error: Resource temporarily unavailable
command FIFO read error: Resource temporarily unavailable
command FIFO read error: Resource temporarily unavailable
command FIFO read error: Resource temporarily unavailable
command FIFO read error: Resource temporarily unavailable
command FIFO read error: Resource temporarily unavailable
command FIFO read error: Resource temporarily unavailable
command FIFO read error: Resource temporarily unavailable
command FIFO read error: Resource temporarily unavailable
command FIFO read error: Resource temporarily unavailable
command FIFO read error: Resource temporarily unavailable
command FIFO read error: Resource temporarily unavailable
command FIFO read error: Resource temporarily unavailable
command FIFO read error: Resource temporarily unavailable
command FIFO read error: Resource temporarily unavailable
command FIFO read error: Resource temporarily unavailable
command FIFO read error: Resource temporarily unavailable
command FIFO read error: Resource temporarily unavailable
command FIFO read error: Resource temporarily unavailable
command FIFO read error: Resource temporarily unavailable
command FIFO read error: Resource temporarily unavailable
command FIFO read error: Resource temporarily unavailable
command FIFO read error: Resource temporarily unavailable
command FIFO read error: Resource temporarily unavailable
command FIFO read error: Resource temporarily unavailable
command FIFO read error: Resource temporarily unavailable
command FIFO read error: Resource temporarily unavailable
command FIFO read error: Resource temporarily unavailable
command FIFO read error: Resource temporarily unavailable
command FIFO read error: Resource temporarily unavailable
command FIFO read error: Resource temporarily unavailable
command FIFO read error: Resource temporarily unavailable
command FIFO read error: Resource temporarily unavailable
command FIFO read error: Resource temporarily unavailable
command FIFO read error: Resource temporarily unavailable
command FIFO read error: Resource temporarily unavailable
command FIFO read error: Resource temporarily unavailable
command FIFO read error: Resource temporarily unavailable
command FIFO read error: Resource temporarily unavailable
command FIFO read error: Resource temporarily unavailable
command FIFO read error: Resource temporarily unavailable
command FIFO read error: Resource temporarily unavailable
command FIFO read error: Resource temporarily unavailable
command FIFO read error: Resource temporarily unavailable
command FIFO read error: Resource temporarily unavailable
command FIFO read error: Resource temporarily unavailable
command FIFO read error: Resource temporarily unavailable
command FIFO read error: Resource temporarily unavailable
command FIFO read error: Resource temporarily unavailable
command FIFO read error: Resource temporarily unavailable
command FIFO read error: Resource temporarily unavailable
command FIFO read error: Resource temporarily unavailable
command FIFO read error: Resource temporarily unavailable
command FIFO read error: Resource temporarily unavailable
command FIFO read error: Resource temporarily unavailable
command FIFO read error: Resource temporarily unavailable
command FIFO read error: Resource temporarily unavailable
command FIFO read error: Resource temporarily unavailable
command FIFO read error: Resource temporarily unavailable
command FIFO read error: Resource temporarily unavailable
command FIFO read error: Resource temporarily unavailable
command FIFO read error: Resource temporarily unavailable
command FIFO read error: Resource temporarily unavailable
command FIFO read error: Resource temporarily unavailable
command FIFO read error: Resource temporarily unavailable
command FIFO read error: Resource temporarily unavailable
command FIFO read error: Resource temporarily unavailable
command FIFO read error: Resource temporarily unavailable
command FIFO read error: Resource temporarily unavailable
command FIFO read error: Resource temporarily unavailable
command FIFO read error: Resource temporarily unavailable
command FIFO read error: Resource temporarily unavailable
command FIFO read error: Resource temporarily unavailable
command FIFO read error: Resource temporarily unavailable
command FIFO read error: Resource temporarily unavailable
command FIFO read error: Resource temporarily unavailable
command FIFO read error: Resource temporarily unavailable
command FIFO read error: Resource temporarily unavailable
command FIFO read error: Resource temporarily unavailable
command FIFO read error: Resource temporarily unavailable
command FIFO read error: Resource temporarily unavailable
command FIFO read error: Resource temporarily unavailable
command FIFO read error: Resource temporarily unavailable
command FIFO read error: Resource temporarily unavailable
command FIFO read error: Resource temporarily unavailable
command FIFO read error: Resource temporarily unavailable
command FIFO read error: Resource temporarily unavailable
command FIFO read error: Resource temporarily unavailable
command FIFO read error: Resource temporarily unavailable
command FIFO read error: Resource temporarily unavailable
command FIFO read error: Resource temporarily unavailable
command FIFO read error: Resource temporarily unavailable
command FIFO read error: Resource temporarily unavailable
command FIFO read error: Resource temporarily unavailable
command FIFO read error: Resource temporarily unavailable
command FIFO read error: Resource temporarily unavailable
command FIFO read error: Resource temporarily unavailable
command FIFO read error: Resource temporarily unavailable
command FIFO read error: Resource temporarily unavailable
command FIFO read error: Resource temporarily unavailable
command FIFO read error: Resource temporarily unavailable
command FIFO read error: Resource temporarily unavailable
command FIFO read error: Resource temporarily unavailable
command FIFO read error: Resource temporarily unavailable
command FIFO read error: Resource temporarily unavailable
command FIFO read error: Resource temporarily unavailable
command FIFO read error: Resource temporarily unavailable
command FIFO read error: Resource temporarily unavailable
command FIFO read error: Resource temporarily unavailable
command FIFO read error: Resource temporarily unavailable
command FIFO read error: Resource temporarily unavailable
command FIFO read error: Resource temporarily unavailable
command FIFO read error: Resource temporarily unavailable
command FIFO read error: Resource temporarily unavailable
command FIFO read error: Resource temporarily unavailable
command FIFO read error: Resource temporarily unavailable
command FIFO read error: Resource temporarily unavailable
command FIFO read error: Resource temporarily unavailable
command FIFO read error: Resource temporarily unavailable
command FIFO read error: Resource temporarily unavailable
command FIFO read error: Resource temporarily unavailable
command FIFO read error: Resource temporarily unavailable
command FIFO read error: Resource temporarily unavailable
command FIFO read error: Resource temporarily unavailable
command FIFO read error: Resource temporarily unavailable
command FIFO read error: Resource temporarily unavailable
command FIFO read error: Resource temporarily unavailable
command FIFO read error: Resource temporarily unavailable
command FIFO read error: Resource temporarily unavailable
command FIFO read error: Resource temporarily unavailable
command FIFO read error: Resource temporarily unavailable
command FIFO read error: Resource temporarily unavailable
command FIFO read error: Resource temporarily unavailable
command FIFO read error: Resource temporarily unavailable
command FIFO read error: Resource temporarily unavailable
command FIFO read error: Resource temporarily unavailable
command FIFO read error: Resource temporarily unavailable
command FIFO read error: Resource temporarily unavailable
command FIFO read error: Resource temporarily unavailable
command FIFO read error: Resource temporarily unavailable
command FIFO read error: Resource temporarily unavailable
command FIFO read error: Resource temporarily unavailable
command FIFO read error: Resource temporarily unavailable
command FIFO read error: Resource temporarily unavailable
command FIFO read error: Resource temporarily unavailable
command FIFO read error: Resource temporarily unavailable
command FIFO read error: Resource temporarily unavailable
command FIFO read error: Resource temporarily unavailable
command FIFO read error: Resource temporarily unavailable
command FIFO read error: Resource temporarily unavailable
command FIFO read error: Resource temporarily unavailable
command FIFO read error: Resource temporarily unavailable
command FIFO read error: Resource temporarily unavailable
command FIFO read error: Resource temporarily unavailable
command FIFO read error: Resource temporarily unavailable
command FIFO read error: Resource temporarily unavailable
command FIFO read error: Resource temporarily unavailable
command FIFO read error: Resource temporarily unavailable
command FIFO read error: Resource temporarily unavailable
command FIFO read error: Resource temporarily unavailable
command FIFO read error: Resource temporarily unavailable
command FIFO read error: Resource temporarily unavailable
command FIFO read error: Resource temporarily unavailable
command FIFO read error: Resource temporarily unavailable
command FIFO read error: Resource temporarily unavailable
command FIFO read error: Resource temporarily unavailable
command FIFO read error: Resource temporarily unavailable
command FIFO read error: Resource temporarily unavailable
command FIFO read error: Resource temporarily unavailable
command FIFO read error: Resource temporarily unavailable
command FIFO read error: Resource temporarily unavailable
command FIFO read error: Resource temporarily unavailable
command FIFO read error: Resource temporarily unavailable
command FIFO read error: Resource temporarily unavailable
command FIFO read error: Resource temporarily unavailable
command FIFO read error: Resource temporarily unavailable
command FIFO read error: Resource temporarily unavailable
command FIFO read error: Resource temporarily unavailable
command FIFO read error: Resource temporarily unavailable
command FIFO read error: Resource temporarily unavailable
command FIFO read error: Resource temporarily unavailable
command FIFO read error: Resource temporarily unavailable
command FIFO read error: Resource temporarily unavailable
command FIFO read error: Resource temporarily unavailable
command FIFO read error: Resource temporarily unavailable
command FIFO read error: Resource temporarily unavailable
command FIFO read error: Resource temporarily unavailable
command FIFO read error: Resource temporarily unavailable
command FIFO read error: Resource temporarily unavailable
command FIFO read error: Resource temporarily unavailable
command FIFO read error: Resource temporarily unavailable
command FIFO read error: Resource temporarily unavailable
command FIFO read error: Resource temporarily unavailable
command FIFO read error: Resource temporarily unavailable
command FIFO read error: Resource temporarily unavailable
command FIFO read error: Resource temporarily unavailable
command FIFO read error: Resource temporarily unavailable
command FIFO read error: Resource temporarily unavailable
command FIFO read error: Resource temporarily unavailable
command FIFO read error: Resource temporarily unavailable
command FIFO read error: Resource temporarily unavailable
command FIFO read error: Resource temporarily unavailable
command FIFO read error: Resource temporarily unavailable
command FIFO read error: Resource temporarily unavailable
command FIFO read error: Resource temporarily unavailable
command FIFO read error: Resource temporarily unavailable
command FIFO read error: Resource temporarily unavailable
command FIFO read error: Resource temporarily unavailable
command FIFO read error: Resource temporarily unavailable
command FIFO read error: Resource temporarily unavailable
command FIFO read error: Resource temporarily unavailable
command FIFO read error: Resource temporarily unavailable
command FIFO read error: Resource temporarily unavailable
command FIFO read error: Resource temporarily unavailable
command FIFO read error: Resource temporarily unavailable
command FIFO read error: Resource temporarily unavailable
command FIFO read error: Resource temporarily unavailable
command FIFO read error: Resource temporarily unavailable
command FIFO read error: Resource temporarily unavailable
command FIFO read error: Resource temporarily unavailable
command FIFO read error: Resource temporarily unavailable
command FIFO read error: Resource temporarily unavailable
command FIFO read error: Resource temporarily unavailable
command FIFO read error: Resource temporarily unavailable
command FIFO read error: Resource temporarily unavailable
command FIFO read error: Resource temporarily unavailable
command FIFO read error: Resource temporarily unavailable
command FIFO read error: Resource temporarily unavailable
command FIFO read error: Resource temporarily unavailable
command FIFO read error: Resource temporarily unavailable
command FIFO read error: Resource temporarily unavailable
command FIFO read error: Resource temporarily unavailable
command FIFO read error: Resource temporarily unavailable
command FIFO read error: Resource temporarily unavailable
command FIFO read error: Resource temporarily unavailable
command FIFO read error: Resource temporarily unavailable
command FIFO read error: Resource temporarily unavailable
command FIFO read error: Resource temporarily unavailable
command FIFO read error: Resource temporarily unavailable
command FIFO read error: Resource temporarily unavailable
command FIFO read error: Resource temporarily unavailable
command FIFO read error: Resource temporarily unavailable
command FIFO read error: Resource temporarily unavailable
command FIFO read error: Resource temporarily unavailable
command FIFO read error: Resource temporarily unavailable
command FIFO read error: Resource temporarily unavailable
command FIFO read error: Resource temporarily unavailable
command FIFO read error: Resource temporarily unavailable
command FIFO read error: Resource temporarily unavailable
command FIFO read error: Resource temporarily unavailable
command FIFO read error: Resource temporarily unavailable
command FIFO read error: Resource temporarily unavailable
command FIFO read error: Resource temporarily unavailable
command FIFO read error: Resource temporarily unavailable
command FIFO read error: Resource temporarily unavailable
command FIFO read error: Resource temporarily unavailable
command FIFO read error: Resource temporarily unavailable
command FIFO read error: Resource temporarily unavailable
command FIFO read error: Resource temporarily unavailable
command FIFO read error: Resource temporarily unavailable
command FIFO read error: Resource temporarily unavailable
command FIFO read error: Resource temporarily unavailable
command FIFO read error: Resource temporarily unavailable
command FIFO read error: Resource temporarily unavailable
command FIFO read error: Resource temporarily unavailable
command FIFO read error: Resource temporarily unavailable
command FIFO read error: Resource temporarily unavailable
command FIFO read error: Resource temporarily unavailable
command FIFO read error: Resource temporarily unavailable
command FIFO read error: Resource temporarily unavailable
command FIFO read error: Resource temporarily unavailable
command FIFO read error: Resource temporarily unavailable
command FIFO read error: Resource temporarily unavailable
command FIFO read error: Resource temporarily unavailable
command FIFO read error: Resource temporarily unavailable
command FIFO read error: Resource temporarily unavailable
command FIFO read error: Resource temporarily unavailable
command FIFO read error: Resource temporarily unavailable
command FIFO read error: Resource temporarily unavailable
command FIFO read error: Resource temporarily unavailable
command FIFO read error: Resource temporarily unavailable
command FIFO read error: Resource temporarily unavailable
command FIFO read error: Resource temporarily unavailable
command FIFO read error: Resource temporarily unavailable
command FIFO read error: Resource temporarily unavailable
command FIFO read error: Resource temporarily unavailable
command FIFO read error: Resource temporarily unavailable
command FIFO read error: Resource temporarily unavailable
command FIFO read error: Resource temporarily unavailable
command FIFO read error: Resource temporarily unavailable
command FIFO read error: Resource temporarily unavailable
command FIFO read error: Resource temporarily unavailable
command FIFO read error: Resource temporarily unavailable
command FIFO read error: Resource temporarily unavailable
command FIFO read error: Resource temporarily unavailable
command FIFO read error: Resource temporarily unavailable
command FIFO read error: Resource temporarily unavailable
command FIFO read error: Resource temporarily unavailable
command FIFO read error: Resource temporarily unavailable
command FIFO read error: Resource temporarily unavailable
command FIFO read error: Resource temporarily unavailable
command FIFO read error: Resource temporarily unavailable
command FIFO read error: Resource temporarily unavailable
command FIFO read error: Resource temporarily unavailable
command FIFO read error: Resource temporarily unavailable
command FIFO read error: Resource temporarily unavailable
command FIFO read error: Resource temporarily unavailable
command FIFO read error: Resource temporarily unavailable
command FIFO read error: Resource temporarily unavailable
command FIFO read error: Resource temporarily unavailable
command FIFO read error: Resource temporarily unavailable
command FIFO read error: Resource temporarily unavailable
command FIFO read error: Resource temporarily unavailable
command FIFO read error: Resource temporarily unavailable
command FIFO read error: Resource temporarily unavailable
command FIFO read error: Resource temporarily unavailable
command FIFO read error: Resource temporarily unavailable
command FIFO read error: Resource temporarily unavailable
command FIFO read error: Resource temporarily unavailable
command FIFO read error: Resource temporarily unavailable
command FIFO read error: Resource temporarily unavailable
command FIFO read error: Resource temporarily unavailable
command FIFO read error: Resource temporarily unavailable
command FIFO read error: Resource temporarily unavailable
command FIFO read error: Resource temporarily unavailable
command FIFO read error: Resource temporarily unavailable
command FIFO read error: Resource temporarily unavailable
command FIFO read error: Resource temporarily unavailable
command FIFO read error: Resource temporarily unavailable
command FIFO read error: Resource temporarily unavailable
command FIFO read error: Resource temporarily unavailable
command FIFO read error: Resource temporarily unavailable
command FIFO read error: Resource temporarily unavailable
command FIFO read error: Resource temporarily unavailable
command FIFO read error: Resource temporarily unavailable
command FIFO read error: Resource temporarily unavailable
command FIFO read error: Resource temporarily unavailable
command FIFO read error: Resource temporarily unavailable
command FIFO read error: Resource temporarily unavailable
command FIFO read error: Resource temporarily unavailable
command FIFO read error: Resource temporarily unavailable
command FIFO read error: Resource temporarily unavailable
command FIFO read error: Resource temporarily unavailable
command FIFO read error: Resource temporarily unavailable
command FIFO read error: Resource temporarily unavailable
command FIFO read error: Resource temporarily unavailable
command FIFO read error: Resource temporarily unavailable
command FIFO read error: Resource temporarily unavailable
command FIFO read error: Resource temporarily unavailable
command FIFO read error: Resource temporarily unavailable
command FIFO read error: Resource temporarily unavailable
command FIFO read error: Resource temporarily unavailable
command FIFO read error: Resource temporarily unavailable
command FIFO read error: Resource temporarily unavailable
command FIFO read error: Resource temporarily unavailable
command FIFO read error: Resource temporarily unavailable
command FIFO read error: Resource temporarily unavailable
command FIFO read error: Resource temporarily unavailable
command FIFO read error: Resource temporarily unavailable
command FIFO read error: Resource temporarily unavailable
command FIFO read error: Resource temporarily unavailable
command FIFO read error: Resource temporarily unavailable
command FIFO read error: Resource temporarily unavailable
command FIFO read error: Resource temporarily unavailable
command FIFO read error: Resource temporarily unavailable
command FIFO read error: Resource temporarily unavailable
command FIFO read error: Resource temporarily unavailable
command FIFO read error: Resource temporarily unavailable
command FIFO read error: Resource temporarily unavailable
command FIFO read error: Resource temporarily unavailable
command FIFO read error: Resource temporarily unavailable
command FIFO read error: Resource temporarily unavailable
command FIFO read error: Resource temporarily unavailable
command FIFO read error: Resource temporarily unavailable
command FIFO read error: Resource temporarily unavailable
command FIFO read error: Resource temporarily unavailable
command FIFO read error: Resource temporarily unavailable
command FIFO read error: Resource temporarily unavailable
command FIFO read error: Resource temporarily unavailable
command FIFO read error: Resource temporarily unavailable
command FIFO read error: Resource temporarily unavailable
command FIFO read error: Resource temporarily unavailable
command FIFO read error: Resource temporarily unavailable
command FIFO read error: Resource temporarily unavailable
command FIFO read error: Resource temporarily unavailable
command FIFO read error: Resource temporarily unavailable
command FIFO read error: Resource temporarily unavailable
command FIFO read error: Resource temporarily unavailable
command FIFO read error: Resource temporarily unavailable
command FIFO read error: Resource temporarily unavailable
command FIFO read error: Resource temporarily unavailable
command FIFO read error: Resource temporarily unavailable
command FIFO read error: Resource temporarily unavailable
command FIFO read error: Resource temporarily unavailable
command FIFO read error: Resource temporarily unavailable
INFO : WAV Sound data recording has been stopped.
command FIFO read error: Resource temporarily unavailable
command FIFO read error: Resource temporarily unavailable
command FIFO read error: Resource temporarily unavailable
command FIFO read error: Resource temporarily unavailable
command FIFO read error: Resource temporarily unavailable
command FIFO read error: Resource temporarily unavailable
command FIFO read error: Resource temporarily unavailable
command FIFO read error: Resource temporarily unavailable
command FIFO read error: Resource temporarily unavailable
command FIFO read error: Resource temporarily unavailable
command FIFO read error: Resource temporarily unavailable
command FIFO read error: Resource temporarily unavailable
command FIFO read error: Resource temporarily unavailable
command FIFO read error: Resource temporarily unavailable
command FIFO read error: Resource temporarily unavailable
command FIFO read error: Resource temporarily unavailable
command FIFO read error: Resource temporarily unavailable
command FIFO read error: Resource temporarily unavailable
command FIFO read error: Resource temporarily unavailable
command FIFO read error: Resource temporarily unavailable
command FIFO read error: Resource temporarily unavailable
command FIFO read error: Resource temporarily unavailable
command FIFO read error: Resource temporarily unavailable
command FIFO read error: Resource temporarily unavailable
command FIFO read error: Resource temporarily unavailable
command FIFO read error: Resource temporarily unavailable
command FIFO read error: Resource temporarily unavailable
command FIFO read error: Resource temporarily unavailable
command FIFO read error: Resource temporarily unavailable
command FIFO read error: Resource temporarily unavailable
command FIFO read error: Resource temporarily unavailable
command FIFO read error: Resource temporarily unavailable
command FIFO read error: Resource temporarily unavailable
command FIFO read error: Resource temporarily unavailable
command FIFO read error: Resource temporarily unavailable
command FIFO read error: Resource temporarily unavailable
command FIFO read error: Resource temporarily unavailable
command FIFO read error: Resource temporarily unavailable
command FIFO read error: Resource temporarily unavailable
command FIFO read error: Resource temporarily unavailable
command FIFO read error: Resource temporarily unavailable
command FIFO read error: Resource temporarily unavailable
command FIFO read error: Resource temporarily unavailable
command FIFO read error: Resource temporarily unavailable
command FIFO read error: Resource temporarily unavailable
command FIFO read error: Resource temporarily unavailable
command FIFO read error: Resource temporarily unavailable
command FIFO read error: Resource temporarily unavailable
command FIFO read error: Resource temporarily unavailable
command FIFO read error: Resource temporarily unavailable
command FIFO read error: Resource temporarily unavailable
command FIFO read error: Resource temporarily unavailable
command FIFO read error: Resource temporarily unavailable
command FIFO read error: Resource temporarily unavailable
command FIFO read error: Resource temporarily unavailable
command FIFO read error: Resource temporarily unavailable
command FIFO read error: Resource temporarily unavailable
command FIFO read error: Resource temporarily unavailable
command FIFO read error: Resource temporarily unavailable
command FIFO read error: Resource temporarily unavailable
command FIFO read error: Resource temporarily unavailable
command FIFO read error: Resource temporarily unavailable
command FIFO read error: Resource temporarily unavailable
command FIFO read error: Resource temporarily unavailable
command FIFO read error: Resource temporarily unavailable
command FIFO read error: Resource temporarily unavailable
command FIFO read error: Resource temporarily unavailable
command FIFO read error: Resource temporarily unavailable
command FIFO read error: Resource temporarily unavailable
command FIFO read error: Resource temporarily unavailable
command FIFO read error: Resource temporarily unavailable
command FIFO read error: Resource temporarily unavailable
command FIFO read error: Resource temporarily unavailable
command FIFO read error: Resource temporarily unavailable
command FIFO read error: Resource temporarily unavailable
command FIFO read error: Resource temporarily unavailable
command FIFO read error: Resource temporarily unavailable
command FIFO read error: Resource temporarily unavailable
command FIFO read error: Resource temporarily unavailable
command FIFO read error: Resource temporarily unavailable
command FIFO read error: Resource temporarily unavailable
command FIFO read error: Resource temporarily unavailable
command FIFO read error: Resource temporarily unavailable
command FIFO read error: Resource temporarily unavailable
command FIFO read error: Resource temporarily unavailable
command FIFO read error: Resource temporarily unavailable
command FIFO read error: Resource temporarily unavailable
command FIFO read error: Resource temporarily unavailable
command FIFO read error: Resource temporarily unavailable
command FIFO read error: Resource temporarily unavailable
command FIFO read error: Resource temporarily unavailable
command FIFO read error: Resource temporarily unavailable
command FIFO read error: Resource temporarily unavailable
command FIFO read error: Resource temporarily unavailable
command FIFO read error: Resource temporarily unavailable
command FIFO read error: Resource temporarily unavailable
command FIFO read error: Resource temporarily unavailable
command FIFO read error: Resource temporarily unavailable
command FIFO read error: Resource temporarily unavailable
command FIFO read error: Resource temporarily unavailable
command FIFO read error: Resource temporarily unavailable
command FIFO read error: Resource temporarily unavailable
command FIFO read error: Resource temporarily unavailable
command FIFO read error: Resource temporarily unavailable
command FIFO read error: Resource temporarily unavailable
command FIFO read error: Resource temporarily unavailable
command FIFO read error: Resource temporarily unavailable
command FIFO read error: Resource temporarily unavailable
command FIFO read error: Resource temporarily unavailable
command FIFO read error: Resource temporarily unavailable
command FIFO read error: Resource temporarily unavailable
command FIFO read error: Resource temporarily unavailable
command FIFO read error: Resource temporarily unavailable
command FIFO read error: Resource temporarily unavailable
command FIFO read error: Resource temporarily unavailable
command FIFO read error: Resource temporarily unavailable
command FIFO read error: Resource temporarily unavailable
command FIFO read error: Resource temporarily unavailable
command FIFO read error: Resource temporarily unavailable
command FIFO read error: Resource temporarily unavailable
command FIFO read error: Resource temporarily unavailable
command FIFO read error: Resource temporarily unavailable
command FIFO read error: Resource temporarily unavailable
command FIFO read error: Resource temporarily unavailable
command FIFO read error: Resource temporarily unavailable
command FIFO read error: Resource temporarily unavailable
command FIFO read error: Resource temporarily unavailable
command FIFO read error: Resource temporarily unavailable
command FIFO read error: Resource temporarily unavailable
command FIFO read error: Resource temporarily unavailable
command FIFO read error: Resource temporarily unavailable
command FIFO read error: Resource temporarily unavailable
command FIFO read error: Resource temporarily unavailable
command FIFO read error: Resource temporarily unavailable
command FIFO read error: Resource temporarily unavailable
command FIFO read error: Resource temporarily unavailable
command FIFO read error: Resource temporarily unavailable
command FIFO read error: Resource temporarily unavailable
command FIFO read error: Resource temporarily unavailable
command FIFO read error: Resource temporarily unavailable
command FIFO read error: Resource temporarily unavailable
command FIFO read error: Resource temporarily unavailable
command FIFO read error: Resource temporarily unavailable
command FIFO read error: Resource temporarily unavailable
command FIFO read error: Resource temporarily unavailable
command FIFO read error: Resource temporarily unavailable
command FIFO read error: Resource temporarily unavailable
command FIFO read error: Resource temporarily unavailable
command FIFO read error: Resource temporarily unavailable
command FIFO read error: Resource temporarily unavailable
command FIFO read error: Resource temporarily unavailable
command FIFO read error: Resource temporarily unavailable
command FIFO read error: Resource temporarily unavailable
command FIFO read error: Resource temporarily unavailable
command FIFO read error: Resource temporarily unavailable
command FIFO read error: Resource temporarily unavailable
command FIFO read error: Resource temporarily unavailable
command FIFO read error: Resource temporarily unavailable
command FIFO read error: Resource temporarily unavailable
command FIFO read error: Resource temporarily unavailable
command FIFO read error: Resource temporarily unavailable
command FIFO read error: Resource temporarily unavailable
command FIFO read error: Resource temporarily unavailable
command FIFO read error: Resource temporarily unavailable
command FIFO read error: Resource temporarily unavailable
command FIFO read error: Resource temporarily unavailable
command FIFO read error: Resource temporarily unavailable
command FIFO read error: Resource temporarily unavailable
command FIFO read error: Resource temporarily unavailable
command FIFO read error: Resource temporarily unavailable
command FIFO read error: Resource temporarily unavailable
command FIFO read error: Resource temporarily unavailable
command FIFO read error: Resource temporarily unavailable
command FIFO read error: Resource temporarily unavailable
command FIFO read error: Resource temporarily unavailable
command FIFO read error: Resource temporarily unavailable
command FIFO read error: Resource temporarily unavailable
command FIFO read error: Resource temporarily unavailable
command FIFO read error: Resource temporarily unavailable
command FIFO read error: Resource temporarily unavailable
command FIFO read error: Resource temporarily unavailable
command FIFO read error: Resource temporarily unavailable
command FIFO read error: Resource temporarily unavailable
command FIFO read error: Resource temporarily unavailable
command FIFO read error: Resource temporarily unavailable
command FIFO read error: Resource temporarily unavailable
command FIFO read error: Resource temporarily unavailable
command FIFO read error: Resource temporarily unavailable
command FIFO read error: Resource temporarily unavailable
command FIFO read error: Resource temporarily unavailable
command FIFO read error: Resource temporarily unavailable
command FIFO read error: Resource temporarily unavailable
command FIFO read error: Resource temporarily unavailable
command FIFO read error: Resource temporarily unavailable
command FIFO read error: Resource temporarily unavailable
command FIFO read error: Resource temporarily unavailable
command FIFO read error: Resource temporarily unavailable
command FIFO read error: Resource temporarily unavailable
command FIFO read error: Resource temporarily unavailable
command FIFO read error: Resource temporarily unavailable
command FIFO read error: Resource temporarily unavailable
command FIFO read error: Resource temporarily unavailable
command FIFO read error: Resource temporarily unavailable
command FIFO read error: Resource temporarily unavailable
command FIFO read error: Resource temporarily unavailable
command FIFO read error: Resource temporarily unavailable
command FIFO read error: Resource temporarily unavailable
command FIFO read error: Resource temporarily unavailable
command FIFO read error: Resource temporarily unavailable
command FIFO read error: Resource temporarily unavailable
command FIFO read error: Resource temporarily unavailable
command FIFO read error: Resource temporarily unavailable
command FIFO read error: Resource temporarily unavailable
command FIFO read error: Resource temporarily unavailable
command FIFO read error: Resource temporarily unavailable
command FIFO read error: Resource temporarily unavailable
command FIFO read error: Resource temporarily unavailable
command FIFO read error: Resource temporarily unavailable
command FIFO read error: Resource temporarily unavailable
command FIFO read error: Resource temporarily unavailable
command FIFO read error: Resource temporarily unavailable
command FIFO read error: Resource temporarily unavailable
command FIFO read error: Resource temporarily unavailable
command FIFO read error: Resource temporarily unavailable
command FIFO read error: Resource temporarily unavailable
command FIFO read error: Resource temporarily unavailable
command FIFO read error: Resource temporarily unavailable
command FIFO read error: Resource temporarily unavailable
command FIFO read error: Resource temporarily unavailable
command FIFO read error: Resource temporarily unavailable
command FIFO read error: Resource temporarily unavailable
command FIFO read error: Resource temporarily unavailable
command FIFO read error: Resource temporarily unavailable
command FIFO read error: Resource temporarily unavailable
command FIFO read error: Resource temporarily unavailable
command FIFO read error: Resource temporarily unavailable
command FIFO read error: Resource temporarily unavailable
command FIFO read error: Resource temporarily unavailable
command FIFO read error: Resource temporarily unavailable
command FIFO read error: Resource temporarily unavailable
command FIFO read error: Resource temporarily unavailable
command FIFO read error: Resource temporarily unavailable
command FIFO read error: Resource temporarily unavailable
command FIFO read error: Resource temporarily unavailable
command FIFO read error: Resource temporarily unavailable
command FIFO read error: Resource temporarily unavailable
command FIFO read error: Resource temporarily unavailable
command FIFO read error: Resource temporarily unavailable
command FIFO read error: Resource temporarily unavailable
command FIFO read error: Resource temporarily unavailable
command FIFO read error: Resource temporarily unavailable
command FIFO read error: Resource temporarily unavailable
command FIFO read error: Resource temporarily unavailable
command FIFO read error: Resource temporarily unavailable
command FIFO read error: Resource temporarily unavailable
command FIFO read error: Resource temporarily unavailable
command FIFO read error: Resource temporarily unavailable
command FIFO read error: Resource temporarily unavailable
command FIFO read error: Resource temporarily unavailable
command FIFO read error: Resource temporarily unavailable
command FIFO read error: Resource temporarily unavailable
command FIFO read error: Resource temporarily unavailable
command FIFO read error: Resource temporarily unavailable
command FIFO read error: Resource temporarily unavailable
command FIFO read error: Resource temporarily unavailable
command FIFO read error: Resource temporarily unavailable
command FIFO read error: Resource temporarily unavailable
command FIFO read error: Resource temporarily unavailable
command FIFO read error: Resource temporarily unavailable
command FIFO read error: Resource temporarily unavailable
command FIFO read error: Resource temporarily unavailable
command FIFO read error: Resource temporarily unavailable
command FIFO read error: Resource temporarily unavailable
command FIFO read error: Resource temporarily unavailable
command FIFO read error: Resource temporarily unavailable
command FIFO read error: Resource temporarily unavailable
command FIFO read error: Resource temporarily unavailable
command FIFO read error: Resource temporarily unavailable
command FIFO read error: Resource temporarily unavailable
command FIFO read error: Resource temporarily unavailable
command FIFO read error: Resource temporarily unavailable
command FIFO read error: Resource temporarily unavailable
command FIFO read error: Resource temporarily unavailable
command FIFO read error: Resource temporarily unavailable
command FIFO read error: Resource temporarily unavailable
command FIFO read error: Resource temporarily unavailable
command FIFO read error: Resource temporarily unavailable
command FIFO read error: Resource temporarily unavailable
command FIFO read error: Resource temporarily unavailable
command FIFO read error: Resource temporarily unavailable
command FIFO read error: Resource temporarily unavailable
command FIFO read error: Resource temporarily unavailable
command FIFO read error: Resource temporarily unavailable
command FIFO read error: Resource temporarily unavailable
command FIFO read error: Resource temporarily unavailable
command FIFO read error: Resource temporarily unavailable
command FIFO read error: Resource temporarily unavailable
command FIFO read error: Resource temporarily unavailable
command FIFO read error: Resource temporarily unavailable
command FIFO read error: Resource temporarily unavailable
command FIFO read error: Resource temporarily unavailable
command FIFO read error: Resource temporarily unavailable
command FIFO read error: Resource temporarily unavailable
command FIFO read error: Resource temporarily unavailable
command FIFO read error: Resource temporarily unavailable
command FIFO read error: Resource temporarily unavailable
command FIFO read error: Resource temporarily unavailable
command FIFO read error: Resource temporarily unavailable
command FIFO read error: Resource temporarily unavailable
command FIFO read error: Resource temporarily unavailable
command FIFO read error: Resource temporarily unavailable
command FIFO read error: Resource temporarily unavailable
command FIFO read error: Resource temporarily unavailable
command FIFO read error: Resource temporarily unavailable
command FIFO read error: Resource temporarily unavailable
command FIFO read error: Resource temporarily unavailable
command FIFO read error: Resource temporarily unavailable
command FIFO read error: Resource temporarily unavailable
command FIFO read error: Resource temporarily unavailable
command FIFO read error: Resource temporarily unavailable
command FIFO read error: Resource temporarily unavailable
command FIFO read error: Resource temporarily unavailable
command FIFO read error: Resource temporarily unavailable
command FIFO read error: Resource temporarily unavailable
command FIFO read error: Resource temporarily unavailable
command FIFO read error: Resource temporarily unavailable
command FIFO read error: Resource temporarily unavailable
command FIFO read error: Resource temporarily unavailable
command FIFO read error: Resource temporarily unavailable
command FIFO read error: Resource temporarily unavailable
command FIFO read error: Resource temporarily unavailable
command FIFO read error: Resource temporarily unavailable
command FIFO read error: Resource temporarily unavailable
command FIFO read error: Resource temporarily unavailable
command FIFO read error: Resource temporarily unavailable
command FIFO read error: Resource temporarily unavailable
command FIFO read error: Resource temporarily unavailable
command FIFO read error: Resource temporarily unavailable
command FIFO read error: Resource temporarily unavailable
command FIFO read error: Resource temporarily unavailable
command FIFO read error: Resource temporarily unavailable
command FIFO read error: Resource temporarily unavailable
command FIFO read error: Resource temporarily unavailable
command FIFO read error: Resource temporarily unavailable
command FIFO read error: Resource temporarily unavailable
command FIFO read error: Resource temporarily unavailable
command FIFO read error: Resource temporarily unavailable
command FIFO read error: Resource temporarily unavailable
command FIFO read error: Resource temporarily unavailable
command FIFO read error: Resource temporarily unavailable
command FIFO read error: Resource temporarily unavailable
command FIFO read error: Resource temporarily unavailable
command FIFO read error: Resource temporarily unavailable
command FIFO read error: Resource temporarily unavailable
command FIFO read error: Resource temporarily unavailable
command FIFO read error: Resource temporarily unavailable
command FIFO read error: Resource temporarily unavailable
command FIFO read error: Resource temporarily unavailable
command FIFO read error: Resource temporarily unavailable
command FIFO read error: Resource temporarily unavailable
command FIFO read error: Resource temporarily unavailable
command FIFO read error: Resource temporarily unavailable
command FIFO read error: Resource temporarily unavailable
command FIFO read error: Resource temporarily unavailable
command FIFO read error: Resource temporarily unavailable
command FIFO read error: Resource temporarily unavailable
command FIFO read error: Resource temporarily unavailable
command FIFO read error: Resource temporarily unavailable
command FIFO read error: Resource temporarily unavailable
command FIFO read error: Resource temporarily unavailable
command FIFO read error: Resource temporarily unavailable
command FIFO read error: Resource temporarily unavailable
command FIFO read error: Resource temporarily unavailable
command FIFO read error: Resource temporarily unavailable
command FIFO read error: Resource temporarily unavailable
command FIFO read error: Resource temporarily unavailable
command FIFO read error: Resource temporarily unavailable
command FIFO read error: Resource temporarily unavailable
command FIFO read error: Resource temporarily unavailable
command FIFO read error: Resource temporarily unavailable
command FIFO read error: Resource temporarily unavailable
command FIFO read error: Resource temporarily unavailable
command FIFO read error: Resource temporarily unavailable
command FIFO read error: Resource temporarily unavailable
command FIFO read error: Resource temporarily unavailable
command FIFO read error: Resource temporarily unavailable
command FIFO read error: Resource temporarily unavailable
command FIFO read error: Resource temporarily unavailable
command FIFO read error: Resource temporarily unavailable
command FIFO read error: Resource temporarily unavailable
command FIFO read error: Resource temporarily unavailable
command FIFO read error: Resource temporarily unavailable
command FIFO read error: Resource temporarily unavailable
command FIFO read error: Resource temporarily unavailable
command FIFO read error: Resource temporarily unavailable
command FIFO read error: Resource temporarily unavailable
command FIFO read error: Resource temporarily unavailable
command FIFO read error: Resource temporarily unavailable
command FIFO read error: Resource temporarily unavailable
command FIFO read error: Resource temporarily unavailable
command FIFO read error: Resource temporarily unavailable
command FIFO read error: Resource temporarily unavailable
command FIFO read error: Resource temporarily unavailable
command FIFO read error: Resource temporarily unavailable
command FIFO read error: Resource temporarily unavailable
command FIFO read error: Resource temporarily unavailable
command FIFO read error: Resource temporarily unavailable
command FIFO read error: Resource temporarily unavailable
command FIFO read error: Resource temporarily unavailable
command FIFO read error: Resource temporarily unavailable
command FIFO read error: Resource temporarily unavailable
command FIFO read error: Resource temporarily unavailable
command FIFO read error: Resource temporarily unavailable
command FIFO read error: Resource temporarily unavailable
command FIFO read error: Resource temporarily unavailable
command FIFO read error: Resource temporarily unavailable
command FIFO read error: Resource temporarily unavailable
command FIFO read error: Resource temporarily unavailable
command FIFO read error: Resource temporarily unavailable
command FIFO read error: Resource temporarily unavailable
command FIFO read error: Resource temporarily unavailable
command FIFO read error: Resource temporarily unavailable
command FIFO read error: Resource temporarily unavailable
command FIFO read error: Resource temporarily unavailable
command FIFO read error: Resource temporarily unavailable
command FIFO read error: Resource temporarily unavailable
command FIFO read error: Resource temporarily unavailable
command FIFO read error: Resource temporarily unavailable
command FIFO read error: Resource temporarily unavailable
command FIFO read error: Resource temporarily unavailable
command FIFO read error: Resource temporarily unavailable
command FIFO read error: Resource temporarily unavailable
command FIFO read error: Resource temporarily unavailable
command FIFO read error: Resource temporarily unavailable
command FIFO read error: Resource temporarily unavailable
command FIFO read error: Resource temporarily unavailable
command FIFO read error: Resource temporarily unavailable
command FIFO read error: Resource temporarily unavailable
command FIFO read error: Resource temporarily unavailable
command FIFO read error: Resource temporarily unavailable
command FIFO read error: Resource temporarily unavailable
command FIFO read error: Resource temporarily unavailable
command FIFO read error: Resource temporarily unavailable
command FIFO read error: Resource temporarily unavailable
command FIFO read error: Resource temporarily unavailable
command FIFO read error: Resource temporarily unavailable
command FIFO read error: Resource temporarily unavailable
command FIFO read error: Resource temporarily unavailable
command FIFO read error: Resource temporarily unavailable
command FIFO read error: Resource temporarily unavailable
command FIFO read error: Resource temporarily unavailable
command FIFO read error: Resource temporarily unavailable
command FIFO read error: Resource temporarily unavailable
command FIFO read error: Resource temporarily unavailable
command FIFO read error: Resource temporarily unavailable
command FIFO read error: Resource temporarily unavailable
command FIFO read error: Resource temporarily unavailable
command FIFO read error: Resource temporarily unavailable
command FIFO read error: Resource temporarily unavailable
command FIFO read error: Resource temporarily unavailable
command FIFO read error: Resource temporarily unavailable
command FIFO read error: Resource temporarily unavailable
command FIFO read error: Resource temporarily unavailable
command FIFO read error: Resource temporarily unavailable
command FIFO read error: Resource temporarily unavailable
command FIFO read error: Resource temporarily unavailable
command FIFO read error: Resource temporarily unavailable
command FIFO read error: Resource temporarily unavailable
command FIFO read error: Resource temporarily unavailable
command FIFO read error: Resource temporarily unavailable
command FIFO read error: Resource temporarily unavailable
command FIFO read error: Resource temporarily unavailable
command FIFO read error: Resource temporarily unavailable
command FIFO read error: Resource temporarily unavailable
command FIFO read error: Resource temporarily unavailable
command FIFO read error: Resource temporarily unavailable
command FIFO read error: Resource temporarily unavailable
command FIFO read error: Resource temporarily unavailable
command FIFO read error: Resource temporarily unavailable
command FIFO read error: Resource temporarily unavailable
command FIFO read error: Resource temporarily unavailable
command FIFO read error: Resource temporarily unavailable
command FIFO read error: Resource temporarily unavailable
command FIFO read error: Resource temporarily unavailable
command FIFO read error: Resource temporarily unavailable
command FIFO read error: Resource temporarily unavailable
command FIFO read error: Resource temporarily unavailable
command FIFO read error: Resource temporarily unavailable
command FIFO read error: Resource temporarily unavailable
command FIFO read error: Resource temporarily unavailable
command FIFO read error: Resource temporarily unavailable
command FIFO read error: Resource temporarily unavailable
command FIFO read error: Resource temporarily unavailable
command FIFO read error: Resource temporarily unavailable
command FIFO read error: Resource temporarily unavailable
command FIFO read error: Resource temporarily unavailable
command FIFO read error: Resource temporarily unavailable
command FIFO read error: Resource temporarily unavailable
command FIFO read error: Resource temporarily unavailable
command FIFO read error: Resource temporarily unavailable
command FIFO read error: Resource temporarily unavailable
command FIFO read error: Resource temporarily unavailable
command FIFO read error: Resource temporarily unavailable
command FIFO read error: Resource temporarily unavailable
command FIFO read error: Resource temporarily unavailable
command FIFO read error: Resource temporarily unavailable
command FIFO read error: Resource temporarily unavailable
command FIFO read error: Resource temporarily unavailable
command FIFO read error: Resource temporarily unavailable
command FIFO read error: Resource temporarily unavailable
command FIFO read error: Resource temporarily unavailable
command FIFO read error: Resource temporarily unavailable
command FIFO read error: Resource temporarily unavailable
command FIFO read error: Resource temporarily unavailable
command FIFO read error: Resource temporarily unavailable
command FIFO read error: Resource temporarily unavailable
command FIFO read error: Resource temporarily unavailable
command FIFO read error: Resource temporarily unavailable
command FIFO read error: Resource temporarily unavailable
command FIFO read error: Resource temporarily unavailable
command FIFO read error: Resource temporarily unavailable
command FIFO read error: Resource temporarily unavailable
command FIFO read error: Resource temporarily unavailable
command FIFO read error: Resource temporarily unavailable
command FIFO read error: Resource temporarily unavailable
command FIFO read error: Resource temporarily unavailable
command FIFO read error: Resource temporarily unavailable
command FIFO read error: Resource temporarily unavailable
command FIFO read error: Resource temporarily unavailable
command FIFO read error: Resource temporarily unavailable
command FIFO read error: Resource temporarily unavailable
command FIFO read error: Resource temporarily unavailable
command FIFO read error: Resource temporarily unavailable
command FIFO read error: Resource temporarily unavailable
command FIFO read error: Resource temporarily unavailable
command FIFO read error: Resource temporarily unavailable
command FIFO read error: Resource temporarily unavailable
command FIFO read error: Resource temporarily unavailable
command FIFO read error: Resource temporarily unavailable
command FIFO read error: Resource temporarily unavailable
command FIFO read error: Resource temporarily unavailable
command FIFO read error: Resource temporarily unavailable
command FIFO read error: Resource temporarily unavailable
command FIFO read error: Resource temporarily unavailable
command FIFO read error: Resource temporarily unavailable
